-3.8698192193933996,-3.410096530902343,1.7446250058448514
6.8255455528016995,6.629265069710939,1.760577147619066
5.8494038012458685,5.201930414601501,-1.5790987428718166
6.816095894567812,6.513538596300956,1.7630487569180198
-1.2465339637055712,-1.1822611759202575,1.3375088572415983
8.760704556739102,8.748124878624113,0.057368426039669074
3.722356788048101,3.927014245330641,-1.9292560466204631
-3.8534022603177602,-3.2583720862935404,0.07588914954537107
-9.640053103502304,-9.603456221076245,-0.4199087296187549
8.260989843887577,8.115693198663813,-1.2575051665864672
4.652440703050942,4.118101322399797,0.23306661971069076
-1.849483923295093,-1.049430395569853,0.23831630920009683
-3.7964202789901775,-3.4182659594309888,1.8900349512160646
-6.723261391439022,-6.753488419863111,-1.0440372128195063
-9.559931376819954,-9.000648194351438,-0.7369357663281484
-2.9806769169756038,-2.0069927396638447,-1.6723695318171656
6.825547437788757,6.5818652474161246,1.6409713537699855
-4.635681775153168,-4.10342762456455,-1.244333960476644
8.525496438825256,8.01308319227271,0.91328540121218
-0.5608809463650528,-0.5735518324863212,-1.3313410748676004
-3.1397455876204274,-3.6722568310317913,0.0013888404604428528
-4.036962701005195,-4.485953975036454,0.8021282395714298
4.298201765096925,4.01944669524708,0.736353838931467
7.5629424065411355,7.572669294585236,-1.2836893901815396
9.31723487126284,9.80758174783024,0.5134351950248864
-9.207773947478849,-9.555419194506198,0.4105617637604072
-4.695933718932288,-4.118980996398096,-1.7726888431159
3.845209400240469,3.584386904754321,0.03836709922103709
1.6576474250448427,1.2979791419356883,-0.7448336113155116
-9.848005482248277,-9.694989978912158,0.6717218130297687
-4.665413972073468,-4.7489568020403174,-0.13558628598093514
4.678806367518791,4.5348506489541585,0.2000733044941886
-4.49847476432235,-4.202909936067643,-0.6745610401866735
-1.3920785165591387,-1.1288662420912172,0.00313743279023182
-0.6080146623879065,-0.7274918746186351,-1.9307952027777329
5.425129345821695,5.77732097335975,0.16913135432072335
9.246546863371876,9.54216158125493,0.43394535846408194
7.0511702297097685,7.112203719927614,1.1985152542441502
-3.368947374521273,-3.204405089942394,1.1707729684797519
-4.713434455374661,-4.894461387108808,-0.47086971203557215
4.837464881451509,4.6766055715552275,1.4526078078850875
3.2248106481941767,3.3301507343998558,0.5421328631619853
0.4101928226743673,0.3890176287601014,-0.04668064121911053
2.56693354046702,2.5302502728391394,1.6855732968134185
3.290940776995185,3.6342032126581896,0.26742439298023823
6.998875755418994,6.875763087321356,-0.0010632443595426366
-4.4858269470313665,-4.96912699976288,-1.104454728012404
6.7824990072976,6.9105517120378614,0.5822198215750876
-9.070151130806293,-9.220191284999778,-1.3788297589223097
9.51366758356245,9.826100682829527,-1.4944277327999593
-6.303413077989102,-6.491081589683709,0.4861959519953166
-0.7498472985028205,-0.2900792653090084,-0.6614597155983374
2.429288831307876,2.2085859743932192,-0.21395733917081383
-9.017479409838336,-9.376640990710621,0.24033094225423268
-5.9280656196358,-5.3574449598370775,1.6567310317915078
-7.996193478375688,-7.812164968448623,1.5474610602555319
7.840730143110947,7.0329708479016775,-1.6467452427309826
-6.720850982182284,-6.4772947806298795,-1.2157512748864396
5.611394140262867,5.010917907765606,-0.13754935440270682
8.317352821755199,8.637756763008394,-0.6736097717225229
5.3449470016921685,5.314496508875821,-1.1022748080085611
2.513786856285231,2.046353197413347,0.246374450366718
-4.821726513544038,-4.46456444971761,-0.040894124482606875
-8.869544297958512,-8.816748524656056,-1.0763826566479118
-0.895647175118142,-0.09677078267851735,0.010513463695628555
0.21310236065107568,0.24173911425602101,1.6169971760724582
-1.3849881158454058,-1.3773972760299598,1.0643850729846442
6.4989455233400815,6.272001229492253,1.407373418622878
-5.206450201942784,-5.896294825500045,1.5271276343474622
-4.171383068391087,-4.350051494964827,0.5713498543113593
0.3519292831114843,0.02506677240067301,0.6665621480442883
-4.853324546398886,-4.528281657888919,-1.9181393752173403
-7.728530208766587,-7.982183550397076,0.7208874678188427
-7.824735354952002,-7.675807865689784,1.9208393055337833
-3.377057038614209,-3.319023985628773,1.0378253338931052
-8.409584202144156,-8.961234105387739,-0.8204854626124378
1.4572949134235027,1.345919474807424,-1.558781492693642
5.205288491253226,5.3856822885868185,-0.4594302566054441
-9.533521801706906,-9.221316251539168,-0.03296604401544832
-3.7458975621985084,-3.9121758805705165,1.592978933364213
2.7597691119403898,2.194335163395528,0.1703149651728345
-9.106109147190015,-9.482064609240767,0.296350086634515
-0.7731276387231655,-0.2321961559260779,-0.9799315912408454
-2.7486525550859544,-2.7017804875645433,0.05869473810359094
0.9570033046629305,0.636620552521758,1.314248003783696
-5.62963241377738,-5.797599203359889,1.704279566530222
9.315062054173522,9.265876459554823,-0.6181397855458708
-2.401470887840307,-2.762934681287004,-1.8976638080331578
4.15884212312558,4.1509287213382,0.9020644700815734
-6.8025937233719445,-6.622769216828428,-0.10137390986557893
-3.802633870448252,-3.500627579389741,-0.0016506417076116442
8.938286827573345,8.266265146254728,-0.060735172190234166
6.199835842046099,6.5231712407056985,0.11752334124402694
5.071435652311831,5.873173185842028,0.6238843294097691
-4.24183112284629,-4.154410752156747,0.6587874464574216
5.155128610445915,5.825932355960312,-1.4081305569167033
3.6059774815851804,3.142551406882859,-0.2454857335400663
-5.309779655414378,-5.655633808293739,0.6624787940514074
5.3200012148026,5.783650780546238,-1.6385549240582717
4.430105457616627,4.1181015982865325,0.7030700181326268
-2.586662979003479,-2.2755684145200905,-1.581246295713263
3.2826469863507777,3.845344332492134,-0.49799824125623576
0.01969761350276822,0.7437475795974382,1.5167653618211334
8.864064052442124,8.263695357737662,0.18606173852612873
7.978776397668331,7.132954216113854,-0.9578610626983902
-8.95018412807866,-8.622372946211,-0.09005072140838533
1.5303453988438367,1.2082469872963368,-1.4179934647319556
4.619323512447104,4.035222927587618,-0.34859988944245535
7.87815959725328,7.446582535001207,-1.519709040542332
7.048179903304917,7.593580122834535,0.4892893459159826
9.18689270753713,9.178876656676032,1.611117266600879
9.557833840921617,9.73020151325315,-0.6748740419398433
-6.957020561712756,-6.834678136717242,-0.9358755271513655
5.644635816968169,5.516802845089544,-1.6601148285588698
0.10369905070846697,0.2839905882690198,1.348980183064355
-7.422970801643962,-7.766508529221468,1.5820205928032205
-8.27379463935108,-8.776469004055242,-0.9469802089870567
-0.34607172895475735,-0.7002747225091648,-0.16374570838187674
-8.92462295145143,-8.1673582683163,-0.9440701512927749
-7.057297998731593,-7.206335703052094,-0.7013751253765104
2.2626497280439604,2.847162027168596,1.776784681647312
0.4865146338674896,0.09994488645269073,1.7432017947958673
4.2386345643365795,4.923998718167066,-0.14154275385575588
8.511947839615454,8.610451847994687,0.40892414527179766
9.52408441698289,9.239931891821987,-0.7786217123969806
-7.434605364760726,-7.069888954795697,0.7708051274384942
-5.168900161313644,-5.2497824350220785,0.7887527738303449
-8.025152768883727,-8.388312526462773,-0.3511043401542512
0.40346065498791506,0.07983483146901427,-0.15904873807157827
-9.079865368118629,-9.357490861498487,-1.0570629733801253
5.84794000996752,5.530403090029981,-0.4524666636244882
3.7002666876687935,3.565947931262394,-1.791259832552004
-2.7617458210313774,-2.7466211166569785,-0.04329379441417558
-4.2863959411973935,-4.54715786474913,0.012081273457319242
7.790050526537187,7.560372147935809,0.018291959179347672
9.796676223174055,9.68030388308746,-0.9304201310151138
-5.3851831910551375,-5.9855633067151475,1.047299108657809
-0.8086764793478065,-0.9138643854160352,-1.0817332596766223
-9.030078840007384,-9.94331677614601,-0.0861682138027195
-4.658580720126876,-4.778074924819015,-1.9266583088937834
0.7609552816614221,0.4604693161345407,1.2870873145937831
1.229017649875944,1.932259420912479,-0.026599185826521432
-5.420989427394806,-5.701102159307945,0.6561198555607274
5.769570306973647,5.960256476918085,-1.8959688944217334
-5.4190102328504395,-5.056612625599444,1.1729952179087715
-4.4000651596327645,-4.17812115681159,-0.23722837217451279
1.751884002914152,1.80195507137576,-1.2036553721895857
-1.65258874836708,-1.265200634922738,0.610504961960036
-9.617107638243915,-9.61970361793844,-0.3077745198095245
-5.109759966177777,-5.072731586083945,-0.7683780894000096
0.46851047534709056,0.5363744394040305,0.9527996070516767
2.0874467714426848,2.0115213136536894,0.9000991535601839
-3.0260819057981263,-3.4891672592615057,1.0537414005016614
-8.785180758794738,-8.807018481935641,-0.8753806298723232
-6.732179628667688,-6.105855494697121,-1.5546351640494063
1.0696798325384096,1.8998939165725783,0.21517624399464064
-3.9799813647770845,-3.3710425881124406,0.9745495339991792
-1.0250212244903742,-1.2365762051791036,0.17943914745001338
6.949090149985566,6.350564835795049,0.10724536911324556
-0.019416270999980112,-0.5363971446484107,0.27934374088525693
5.978057760947287,5.136097931887542,-1.6331411850392124
-2.6562941859239904,-2.7096716447746183,-1.5634542433645147
5.7155763661810175,5.799191643512952,-0.0022784852684167856
5.290197721271939,5.694518170893385,-1.4217571308045232
-8.285551047575911,-8.040670440142923,1.3424348309715173
-5.2153742012899915,-5.539306561115902,-0.6050133255780005
3.7075548992641676,3.237885243580955,-1.1912693193759571
1.3013242271394379,1.753081041165932,-1.5858935000067125
-6.040221253198273,-6.979086898340628,-1.1749934681101601
-0.6099122789164264,-0.24409174344215767,-0.4484459877068685
0.5243240811910809,0.6885503510982085,1.930226568529133
5.810475977671862,5.528846455546285,-0.8100061819694758
-8.21752876210862,-8.87755598606189,-0.6425193014976652
3.9773966213634453,3.640253282033129,0.17183084997103382
1.9846431041907175,1.9363164691519335,0.19854390107080888
-7.740707120094293,-7.56338621889623,1.3075391398081058
-9.086443380594346,-9.511812409490846,-0.5587855328104993
3.9455179553297564,3.3258657595198793,-1.9657771133016027
4.528746578294904,4.72504746621207,1.921554060430033
9.19538481618138,9.97367501520791,0.41939138313222335
3.6629650752937595,3.6630747922385165,-1.575219194919062
-0.2526815817754048,-0.024230182246096188,-1.0558447501071881
3.8727547375542244,3.1340168326316986,-1.095092503263625
-8.451612395238099,-8.023898574625163,-0.7729641207648645
-4.318324991790488,-4.350965594075862,-0.2589507515762636
-4.73459729017647,-4.583549716305703,-1.941674705409249
4.417944818696876,4.9380696253244105,0.37577273516142895
-3.744442356661575,-3.944408828511415,0.1848335618943039
9.507854037362335,9.646103461643566,-1.2059873310162734
-3.1301551757594943,-3.048765767170906,-0.9578097655035496
-9.529660019790605,-9.829575273409743,-0.06949295420711332
-3.8849792309827316,-3.719623852865311,0.6867845890024808
-9.674144812845968,-9.460779629291139,0.7691266467371398
5.819317277179788,5.697838402323322,-0.049686493099737494
-8.25850851522554,-8.404373277887116,-0.7373180656771039
1.1728206039841274,1.7530446114994698,-1.2238243251946406
-9.657657099334479,-9.489037834264336,1.4969508257498454
-1.496799273491253,-1.1575113646766995,-0.1528634166823195
-7.652061528839362,-7.054093174786232,0.01588026696100875
-2.4952196323337104,-2.7616528955636963,-0.13176245583738821
4.952708376798292,4.629810459857022,0.8557384824119181
9.754318134982999,9.070126964701032,-0.8893059692777374
9.755147860290764,9.411370781479858,-0.32637313262901096
0.9893215523477262,0.36316676741269927,0.5575431109953377
8.799362818340041,8.099087880289964,0.20975250890269365
-5.783343046487872,-5.222115774192827,0.04717642558904089
9.121271330063813,9.82162141162708,0.29959598178568736
5.819195317615956,5.423739224703164,-1.3630186531595623
5.96904279127712,5.309405609982101,-1.0125882977767293
8.086950306671518,8.885160126025436,0.6087638189392705
3.7708694511379646,3.5801843914959544,-1.0193218643965447
-8.567250019526773,-8.165371807058223,-1.1008001890185477
0.43314382310634303,0.5914674454699325,1.9297377527385606
-0.7147926320405559,-0.2462731104087169,-1.953300400778923
-0.9322677668106647,-0.8601440894406125,-0.23535896036294465
9.75794940646032,9.832473956529624,-1.8456979055414942
-6.948594886983594,-6.618168385413426,-0.5233659423821471
3.889560765374105,3.3097883533367485,-1.4839941182172514
-6.738798855137475,-6.332456156435093,-1.0405916991589752
-4.615371916668304,-4.686859438619113,-1.2826793197539783
2.2877141602761695,2.538210275721062,-0.198372356134787
-8.389369799201909,-8.411675648526328,-0.6608562152827226
1.3368934506723194,1.3347167178934511,-0.8876444076782278
-7.654729813373995,-7.68628189592755,0.0003418617168303717
1.734698447204339,1.29916059165135,-0.02301080530318922
-8.306986833218499,-8.349472870732468,-0.397692745211091
8.22373049392649,8.69991896335759,0.8300814580589617
7.19605569051358,7.250515955417224,-0.11623564384437474
-9.708329275055684,-9.971885936369626,-0.08513763953896036
2.2544059464020103,2.70018258840671,0.007897052138379435
-3.9675574229979023,-3.598977294166077,0.4052645059238738
-5.678515894793862,-5.3365209428432365,-0.09674168316401077
-6.662992382365593,-6.343940361915553,-0.8052462125978651
9.146067926501118,9.863454772822621,-0.16625576952105298
-2.168770227802068,-2.4387685385821163,-1.3458541864924927
9.210344928278131,9.776369442558652,0.9897467790226931
-2.7907902968916383,-2.6780734234233656,-1.1655147606325675
-7.443943524539283,-7.184792282828171,0.9765138859341315
7.6450421852967,7.4075659901962085,-1.0732484618289182
7.687162175734729,7.543708240539085,-0.24722425306689932
-8.069680969919677,-8.426324523550331,0.7984862778962236
3.425335140696074,3.237945999463235,-0.31063698630258535
8.151743276482238,8.679143398577835,-0.8703752105730374
7.347127277413246,7.637540639261596,-0.26125709437657274
-4.75711326864486,-4.487590322340239,-1.7369099158789183
8.43892126774501,8.401179299588566,0.26189125368480903
-2.6002429175759065,-2.734669558163121,-0.4490986230720808
-2.227427381201509,-2.57324781871725,-1.2393767227391468
-4.419805461366721,-4.610856755624974,0.21663926210401296
-7.587812665627599,-7.934353334770278,0.6330233290802839
7.949263402059625,7.606686841819472,-1.483651529341709
-2.9399471978509033,-2.0186426272382754,-0.5085133803748981
-6.871007990552964,-6.259233375380727,-0.7525641089148685
-0.21301999520144066,-0.1299514970578044,-0.7852237700595722
2.8395521781246993,2.891319907882143,1.722199585480063
-2.8067156206743915,-2.407373516042396,-0.8907953863752838
1.2636364217513556,1.3344866026737723,0.14798186589354145
-1.810959193905084,-1.151659983230367,0.18343047596137785
1.2530945027054181,1.1058194204176626,-0.7218607567439979
-7.5527349243543345,-7.739904123429251,0.11620150791567463
-4.90669087981564,-4.888659478848339,-0.2459599366606684
5.83942834474222,5.42771265105907,-0.08613202992162194
-9.274571013743262,-9.938117798162251,1.19426178759531
-0.15562320766313387,-0.4240017691678277,-1.6584772923306854
8.657017956015657,8.38861485480986,1.508649515944911
-5.931727375741718,-5.033930314340663,1.0775257084856893
6.165974078335122,6.290738137878936,0.7746294906188309
4.056863149587538,4.358717136704087,-0.4728697248377827
-7.426258599620295,-7.120853124251221,0.13539114403281582
2.663747062420535,2.6223410391474804,1.7274037546538816
1.0993279827000424,1.1414761690411543,-1.0531625825132043
4.326554057115674,4.157658805266921,0.4320762746494704
5.1286749423235545,5.725000169695682,-1.26956572270324
0.19591355390633358,0.8822875657002694,1.8009890189996538
8.384352642907135,8.888797651059233,-0.030967190377299558
4.864614333959068,4.547845605468861,0.04713931073765398
-5.992381146391337,-5.010745706538704,0.2746762881843837
-7.399585151184056,-7.819149765480883,-0.38722982108956816
-9.55646384918177,-9.602904406267477,0.8484266094383038
2.929347673808381,2.300291762880044,1.9476652767082032
9.533055552472621,9.286603852995409,-0.22965794378655163
1.168866723744626,1.3488423701147771,-0.08930283353982721
9.3020831510738,9.988267564615237,-0.2157330661020257
7.52770843624639,7.8941925617313125,-0.492474456827324
-0.9546044293191398,-0.33089922683873674,-1.0364296185811195
-5.702370750532524,-5.124506495141172,-0.18547524275036087
8.573972111275186,8.444393992898519,-0.34383032050522355
-3.03777404597228,-3.4737636965785317,0.8715822887311026
6.655288025294132,6.796093654480068,1.4623451128922702
6.410323434678782,6.025788137624294,-0.4466510414588701
-1.3793449392560935,-1.9638531022268033,0.0335105312038535
4.78401356216915,4.883109520473016,0.16889024065781277
0.8683828416435101,0.2033592272049728,1.284897193177391
-9.765749177385377,-9.27575805270982,0.1693150763845787
-5.144484261929883,-5.49804209874237,-0.6006762196594495
0.17008552133810317,0.5490728448373374,1.1108315444500139
-1.4393350345698805,-1.8827119156479193,1.7190248508449018
6.982226961017625,6.088261888358561,1.0789987117432407
6.85766459028879,6.478326088598998,1.9743895019169666
9.887044121362718,9.280872285520074,-0.29585292665729157
-9.726838586678056,-9.44470043195225,-0.12065015043217542
1.265096334872009,1.3466637123188097,-1.082023203728815
-3.931534856571668,-3.470772864633913,1.8698652410392251
1.250995292079862,1.790405213387082,-0.3530494249876429
-1.8584211708463023,-1.726956677415288,0.35829725448215827
-4.515302617538053,-4.75342863187261,-0.8351852249635908
-5.336363978298872,-5.876939208300929,0.5292493912339251
-2.2514176488165023,-2.605021739260151,-1.6986608270087054
-2.3817569294147294,-2.849929136285115,-1.9668484132117174
-6.190698916773894,-6.8604378471756196,0.5940205659647498
-5.997421289876435,-5.934687972423079,1.355531099668192
3.630919008437669,3.268145918466079,-1.8405973334650505
6.412754909242812,6.495002601140222,0.8604303443827052
-6.40288856913252,-6.565912433465004,-1.0614449613889305
-9.841534506734716,-9.208663112089486,-0.3583191182431724
4.951746863563561,4.417589454560902,1.6566996865858874
-6.1202535261162305,-6.701129527730076,-0.45216966264884156
-8.134445061890538,-8.861167392300622,-0.03768549073684003
-1.0280423015371347,-1.3841803160099184,-0.3348311686371777
7.130140059477224,7.504559137685064,-0.2657631747079094
-7.901687968025865,-7.991526366893862,1.2917747116932399
-7.1579515164834415,-7.883598202872358,-0.4124972957459186
-6.995100113293307,-6.4062051788879835,-1.9707503983749897
4.226512763612494,4.293326161581151,-0.39572659287037504
2.590613895368373,2.220722513813928,0.4467066789301446
8.300500748273942,8.086922442750229,-1.3506709586308476
-5.604213537404084,-5.81700591610866,1.956399958144685
-0.49814142535713835,-0.2731807413342501,-1.9416547454393815
4.200396760218146,4.388227803497754,-0.7139723909454783
-9.603908148152671,-9.536419793973876,1.1721505102521301
7.4037783755001945,7.854678823614381,-1.4457666621522751
-0.7831807690597721,-0.9734818481122652,-0.30617738353413976
-9.147992322185154,-9.340255101403905,-1.5956624614032626
-6.618761797687642,-6.474249559075855,-1.4357882255452479
-7.661005813465684,-7.488438472060726,0.08892561174966729
8.725813985114788,8.486773061510352,0.39339754463791654
0.368626049734997,0.4048121404825933,1.8400747955489993
-7.65442198226818,-7.585912688223307,1.1388026973485408
-2.423087416551862,-2.416492644481871,-0.9823530974999736
-9.10620614613884,-9.467947288339287,0.1102492014397356
5.406972296839537,5.215207092045707,0.03622598942132571
-6.286899577749248,-6.10077702531474,-0.656495395474713
1.3728327108190554,1.4408462054800433,-1.8458638271179413
-7.2185403365429766,-7.444023462651902,-0.8724653615580183
-5.618716530819794,-5.628875147542478,0.8471978052954076
-8.066441634438469,-8.915670763153866,-0.8996823333221005
3.581519769925123,3.0952312373826034,0.25596312988514036
-3.0498367868788447,-3.998431545070627,-0.27214327450218767
3.897203899706438,3.213871103014319,-0.10530800054179568
-0.9513463456545652,-0.7414157876997823,-0.11579658270950194
-3.546318075327221,-3.531367179507171,1.7213713481105828
-7.11517148121518,-7.3564564286675145,-1.2897507393923906
-7.268415779422076,-7.647165744543149,-0.4513054052870974
9.402247387294775,9.504143227708267,-0.5987054152736927
-1.6055055796150062,-1.6981173003446117,1.4557930259691365
4.989466146503587,4.173671306525345,0.14190842464145692
-9.731988585540893,-9.636888394588519,-0.2598258436925275
-0.12839126772307374,-0.08242196638799315,-1.122133449879863
-7.0957407381689075,-7.213990690647645,0.4469879381820461
0.2867131363685691,0.8801440452203676,0.5610640548563885
4.983648880282849,4.9347270926028575,-0.06536501680008044
8.203899211941222,8.727475102196589,0.1825543482872475
-0.4522091693206205,-0.46151140572960714,-0.7163388042810694
-7.311020991910107,-7.228604397492043,-0.7004329138182812
-5.005904183659176,-5.366476681980717,-0.8141056547307242
4.702941630039922,4.86781617248703,1.8863832977954913
1.7675439743978085,1.3973142114956802,-0.2481419358250233
4.70501828848878,4.43590175621758,1.069118926537309
-1.8414280636331197,-1.1618155030013328,1.945930097880065
-0.6413438219613083,-0.31431850213510726,-1.9679865065800453
2.44890207823593,2.657002275223176,1.9522501000671704
8.277752943568977,8.919534123935465,-0.6216499782285134
-4.754223009503936,-4.9847116760556345,-0.9370475952925987
9.257082871610205,9.504096321307781,-0.30067078146448023
-3.674203355043469,-3.2254016813205997,1.8406918727772066
-2.4445923924837802,-2.2015440517221103,-0.38715497125768994
2.1860890265580055,2.8488188892701114,1.5482106959309294
-9.875480580928985,-9.989255059250098,0.16012159404586546
-7.884702537487911,-7.392456680123331,0.13652694672266252
-7.968337928726233,-7.991991378251529,0.8298315509329406
3.3963425703990486,3.4440842084798504,-1.459881190625191
6.732264930356731,6.8190129324675235,0.09883610197708159
4.034702061103941,4.943844158935916,-0.16574666507349473
-1.0990426967433247,-1.4008504152641819,1.4146142754537925
-2.505767719911891,-2.1887600135012293,0.1830587159390823
-6.171760280603506,-6.894614739558133,-0.11692440361782014
-9.625451425871795,-9.206297753500273,1.1599056036980668
5.074859877331812,5.802622333033306,0.44490859109286873
4.441446790502729,4.51776636375322,0.20337033599153354
-3.730104964536955,-3.801512328392756,1.6962832106540637
-1.9139756021560772,-1.8054414389758637,-0.33872116886608283
-9.37619056817486,-9.435734267481902,-0.6683799778107133
6.426214951774864,6.642339481568207,0.5542858576717616
4.043978515933704,4.895768714171206,1.3870423458073249
-6.589879970880395,-6.769584419446304,-0.19529118381124244
-2.5382434776013865,-2.871500473233092,-1.5769931060540272
-3.1118344896181878,-3.509373161842889,-0.38209092611948064
5.725408059885556,5.8481929281435026,-0.049555962401596765
-3.4774242884099857,-3.06279189781875,0.018813436148987894
0.5242624833004897,0.12416788932937162,1.8263842687622944
-3.2435265436389558,-3.175646253124755,-0.62283790824191
5.744767266952292,5.121852149889856,-1.1086573784217821
-0.3963694586327766,-0.7012135182080196,-1.193213763560872
0.8977946930762826,0.4774825253367053,0.11735719747634177
-2.075853947719029,-2.641606627648916,-0.9739862638462271
3.167886472665698,3.247006275289756,0.41090195796339024
-0.7400580617477768,-0.18141404750433998,-0.13296437804391892
4.647847126974761,4.355685219104306,1.8434221350004663
1.539307814207544,1.951603967422888,-1.3156238152459
3.4094211981797873,3.466190239983441,-0.32516282995795015
-3.5904362075562872,-3.6577988629301728,0.21418365999739852
-6.950976816212232,-6.247060058901669,-1.2919677815654398
-0.7680223158666954,-0.7835730103995486,0.20711943835673463
0.028088943975609904,0.4759350658820902,0.6438464172842285
-1.658716465544924,-1.4088486151597883,1.8998173793700905
9.347696291457673,9.667795372864786,-0.8630389909052061
9.79249109450172,9.348156482254295,-1.3533557081820635
6.618636670520984,6.571029848408354,0.337062517811417
-8.097082135664179,-8.473258657189303,1.4365568713358647
2.6124674835684405,2.2664056035828,0.12714128632030441
5.483948777135594,5.450844221693339,-0.4488015526702981
7.295390850152439,7.550841548745851,0.8258345669175242
6.026648291562291,6.213536223557453,-1.4833077616129744
7.918799372780104,7.410705402408656,-1.0974280281922568
2.5172592246713563,2.315971997543053,0.4122214688119496
-3.9087703054900986,-3.4307784206891867,1.8919986401990792
-9.872356643717263,-9.172553883250798,-0.03382766162041573
7.866746870106685,7.176847345623025,-0.3480668327301448
6.067133946221626,6.173853025747738,-1.4165261078882885
-7.9877078495336304,-7.9574049328679894,1.920327628151169
-6.7950767979280835,-6.505952836851321,-0.012532869414046632
8.954605262436939,8.985760377371115,0.7956644787861623
6.58239514956649,6.965403643885638,0.2740427447885202
-3.3220954656409383,-3.1943362344306707,1.3740199035108431
0.7752875580664342,0.8377370229822385,-0.19850277305568487
-2.3516179678709426,-2.1148838605355866,-1.0273696585513132
-1.7565953994740275,-1.3486681199412023,0.5170593197208068
7.784240737772491,7.695861016214941,-0.24217669839335887
-5.441305900703208,-5.927034633931767,1.3019997414111322
0.4873977063994568,0.039364674760063556,1.5165302062855952
-3.694665812285445,-3.338095116714542,1.39080121887309
3.7451682859015993,3.4007676732130667,-1.9875075067744992
-1.767296241163664,-1.9840597948796739,1.651940819684067
-5.15262840040548,-5.936932064526215,0.48301745204026714
-3.4120940663839923,-3.429388984019887,1.3956727706913004
7.844052081925651,7.187046145449079,0.21661540557294123
1.890805857399509,1.565892078210746,-0.7105429635019652
4.219083247515644,4.895209811834979,1.053206602158219
2.0858489575202226,2.0182021965976786,0.8169487539649808
-0.33911735271141186,-0.8920685296779933,-0.4382704227753822
-6.298811771744692,-6.3160432543133025,0.9266922010504487
2.01904676984196,2.3167296268113695,0.10942103163506242
3.303549149238422,3.7403404663319213,-0.17449628313702414
-9.111687518254595,-9.991049551854497,-0.24418723689447824
-4.475292183286915,-4.865447005010315,-0.09629851487642127
-2.6068904435372184,-2.5892226583170967,-0.050183253391006266
-3.7747375110455437,-3.7674164356778785,0.7177692210629829
1.147277744513032,1.021340144516442,-0.2651882401898795
-9.415749624603341,-9.64071205112407,-0.7671227326048498
8.62108018503356,8.74697876293242,1.23038068147762
5.194527663925344,5.343382508442139,-1.0018059784152953
-1.0874912298635904,-1.7518226883064636,-0.2206681028085996
-7.033253560472775,-7.539556928558612,0.030243311539548068
-6.513132224466973,-6.9564702865243495,-1.6111709613951184
1.549306595148488,1.2938985114217194,0.05070566156086265
-8.86953956051176,-8.620926081888866,-1.6730875123085531
-2.105842960604875,-2.8605331040133772,-0.972515405658533
6.509052495124412,6.76686096986872,1.7690255762714404
5.014502610374352,5.681795947805692,0.9937656258146944
-0.516354729372192,-0.3114038523142888,-1.863093045846783
-6.053203917048162,-6.764797993075827,-0.05203188533891732
3.8067432114423383,3.267332451049905,-1.5154442313677783
2.091188161366419,2.2637634775523594,1.0891898351216136
8.360157782515632,8.226329815305618,-0.2969498652449658
-4.800032085745581,-4.682053029187942,-0.4647218168257061
5.177170088572922,5.708090954727487,0.6522696713223337
-5.728858163878227,-5.30049589792287,1.101736543477928
5.244975575586516,5.312823382231581,0.10866698438937464
0.5733320724466161,0.9185376092096498,-0.11900091556786518
-6.445757990366375,-6.285080842542278,0.3522023934360953
7.964308676477039,7.161279030024576,-1.8836739051902969
3.4093916136386375,3.7109045951947612,0.0031233078032579797
-0.4946525583191673,-0.06967919516021226,-0.7566226522317614
3.2663132373790966,3.86780709565088,-1.09528381022094
-2.2535653231833717,-2.2007433132399865,0.21308905564388125
-3.8103685435944703,-3.3691425397313024,0.00470272463976229
3.4198879159381503,3.740000086003334,-1.2048879086376099
5.301252371164224,5.290168007112104,-0.5962673985414826
1.08878451677139,1.3834297013607577,0.41448779555483406
-0.5856987814549303,-0.980832089529492,-0.42194792129626185
-5.013419620270155,-5.127111037714701,-1.1559551425457988
7.433878150910283,7.176713283862377,-0.2701194212227122
-3.646982757374688,-3.681234965742961,1.7381852917335092
-6.952641921046382,-6.085568760218617,-0.8490935363763876
0.6149326790044891,0.5877336315417107,1.7443161012445332
-1.198630355179416,-1.489073306636415,1.6643320404737523
-1.1592610903434548,-1.3098612850460167,-0.4883641341321417
-7.398921498323647,-7.034490388361275,0.8176101147815578
-6.537263083797377,-6.4400548524203804,-0.3657744628798801
-4.7642914341966724,-4.311087286378305,-1.3292259206909063
2.8335305329604727,2.5481739136355808,0.11735364988453512
5.680269374206413,5.767807888054608,-0.03420280263436182
4.389965796828776,4.998927402858962,1.3686486931180593
7.850109331881011,7.895994559434911,-1.6223327809307757
-6.116993215121754,-6.636924594669292,0.07334080322525502
7.345263485827287,7.188346173769927,1.0427801940044708
-7.212693991878162,-7.198252351932116,-1.1403712319499417
-0.7918550558241919,-0.7016030010179763,0.2373801552007505
6.835143813949725,6.070888937152878,1.3355361332379678
1.7002011142655962,1.7622275438658357,-0.281181264572243
7.08114984968802,7.6477769849223005,0.671984381422481
1.2777383285524895,1.1794321054772372,0.0640776458688389
9.283890026339531,9.236666938699123,-0.5434474471178874
9.714120927877909,9.610029083295371,-1.021029244193783
-1.7557468867867874,-1.2676348518381744,0.31959677620543236
6.508309668464298,6.814314143288294,1.0564130043168576
0.35136645906251607,0.43141412882129293,1.1649524195150316
4.995228972575708,4.964632811110826,0.5826037485378178
-2.020385404961149,-2.907987430183844,-1.000252457910626
3.2493266059256958,3.0252034941076387,-0.8603496388657985
-1.387361920354317,-1.8300852816635027,0.03005606445622988
-9.979395176813938,-9.885079150926227,0.18030571670515183
1.9618703789259664,1.0003617840080747,-0.1860210716018741
2.7448184975299528,2.8849315801912945,0.27844503081062955
8.711621304230928,8.403161875293488,1.2756471797268862
-8.065517918624982,-8.016411181091923,1.1313696988806297
-2.249785616086842,-2.702958201086447,0.09475593817353467
9.41090665227374,9.378836266483614,0.37093817029377785
-6.137053074854939,-6.104320729165795,1.337613803103097
-8.963582638731603,-8.744811147769415,-0.1479817330947687
-2.9722818488188123,-2.2769695830245475,-0.6576520017333363
-9.67966672383814,-9.953667209410812,0.7004212440455715
8.55189624956182,8.416619139631184,0.7596136053342061
8.095319734814472,8.254228862545874,0.335456031743149
6.996370329067408,6.974551041360761,1.647653703449076
-5.525789020115089,-5.6606053059519335,0.613383299106347
-5.6771288574353775,-5.497972799382242,1.6917528026312518
-7.539245874952379,-7.4771134554876655,0.5802966364607773
-5.774714766124413,-5.988364925488572,-0.009590469861368578
-1.778368630852631,-1.0714351325630007,0.21030558824382972
9.478089475366934,9.25080753135441,0.5471424627955962
-7.63719460464478,-7.0711223769449365,-0.18955091925387302
-3.4962693393736877,-3.3539647516760858,0.6410696647016952
-2.481283253047067,-2.670427553081206,-0.9255878537400022
0.35792900087105295,0.10586599791936002,1.4098441171491736
6.492702709446368,6.822254023010828,0.3042993708979388
6.790746546983181,6.927368489410341,1.8706253726627269
1.5189473254692398,1.3219618406131919,0.036688698178654944
-4.524062408274318,-4.044404116142686,-1.2252198175617222
6.603480154686111,6.289456764098379,1.5486970338683483
-4.491816198285522,-4.109167845521343,0.14022388039404488
6.660244800940003,6.500397885941685,1.085667613681488
7.843023740620516,7.176511841489113,-0.49631955352518003
-0.1705108163918141,-0.0862145028755088,-0.9283134156418342
-5.538180258395698,-5.133946977407829,1.2823706442445477
9.311315681076554,9.705722756681446,-0.9165441288548927
6.661078635656109,6.904846216950496,0.4370774972627641
6.165580119948769,6.0117029019437656,-1.420779694044005
1.7668919518141408,1.0079384444434742,-0.1318568028863354
-5.888956788117245,-5.674529031849105,0.7448388563976465
-4.981765224277604,-4.68128927348594,0.09101865644260221
3.1184954185981244,3.879449145725684,0.06596253400878804
-8.459731949326137,-8.233661077604323,0.8938477148123526
-4.211833336320156,-4.99961053968224,-0.14449070560674482
0.925967418962102,0.7004962068530336,-0.10105151442106464
7.874763515759953,7.328619607817653,-1.0765792719187488
-8.749038500696882,-8.424023978375168,-1.6205851670494802
-9.828738946898433,-9.388724923890573,1.4859453882717961
-2.4655151307695804,-2.7270773444894085,-0.19975662827431007
0.006032439380585952,0.8535820662242916,-0.14646993937932784
-0.39062833466595326,-0.21968087659524704,0.1316582948580517
5.475513875577461,5.4094456063231755,0.3906462284840725
-2.2857429164877376,-2.4877963639691436,-0.5331353413891076
6.660287751151886,6.201839008072526,-0.3406758847105197
-6.5853656500186295,-6.257211377678559,-1.1547956573124218
5.538880540921674,5.781028135263239,-0.062297595873131106
-5.767063860425577,-5.49937095001548,0.042345068667300034
2.5950794336505045,2.8055548383816546,0.7035326728670266
-7.933288417426317,-7.357132033300748,0.15164726795213246
3.404455772110997,3.4985011988540275,-1.5267802376709283
5.575445713018388,5.531726500580739,-1.8140544916920065
2.1862225552169323,2.1127754596578785,0.6786774254508339
7.634169116739698,7.614019126211013,-1.6891142492091644
2.188508368471379,2.5047738010022504,-0.37930231706146544
-8.056873261103112,-8.923470549284817,-0.9046147431328493
-5.103713350050906,-5.827179104217366,0.5048094948991867
-7.398374692319517,-7.485364076642248,0.9619329101954368
-1.2137951037259485,-1.562313734056289,-0.16289718691351407
-9.350826990417222,-9.13025200656018,-1.1803512689805702
-8.92977242538339,-8.88930793064894,-0.4138753424812759
3.7199764462820557,3.2224114926641003,-0.8918398429174117
2.719089790703682,2.6966610547579344,1.9003109804805098
6.754831564828771,6.8260080219768895,1.7895474662266264
8.819367375073757,8.107033635314778,1.2028468350575443
4.969593061074954,4.52811037086128,1.792492598945958
-0.6128122618166496,-0.8776599039883594,0.12257618086013622
2.9175620797788806,2.0257013592528756,0.11045486114672654
-5.521323225638223,-5.224861589478909,0.3382172141757148
-4.893169303122317,-4.620688129132937,-1.4579356493881042
-0.292087845168871,-0.14587696100850522,-0.4821597969836472
-6.100997667273253,-6.4388404593989765,0.6763719733389323
-8.640316527241678,-8.788398433429617,-1.4590367357823188
2.2628477993648284,2.385281826588567,0.4450934820271839
2.2105838348401323,2.957422631743821,1.8890762265978793
2.3226706712533574,2.8477127586667264,1.9053783051647957
7.196918545844909,7.244393001067835,-0.4966242559882922
-4.551016924414344,-4.091084233533636,-0.31772401422026436
7.188675559526182,7.110376985989849,0.020115694731941136
4.7748466142620805,4.470009258704688,1.7492180537471609
-3.145893147366576,-3.9690021004205693,-0.2547298634786579
-2.323506840197334,-2.264914605195505,-0.7569335559554674
-4.009152012949252,-4.045915515023412,-0.47048214573999037
9.202804390460113,9.053523452590218,0.36862466638375196
-0.514486683600885,-0.5590609324272224,-1.514511711940758
2.955340712542157,2.2959257488462663,0.4760931751681856
-7.648030410922468,-7.7124094115245665,0.6571080119042996
-2.8526766911006587,-2.6390194688097033,-1.4542768964229917
9.548868365656807,9.556559263147602,0.06806449842289447
-8.443384158806236,-8.183403891148421,0.7631661882908664
-9.200784021667,-9.781415483041602,-0.7339006515486256
7.022136665356289,7.019640791198147,0.9138861668898572
-8.543883628295353,-8.339323226528744,0.6694415810107858
9.014118965124924,9.31171285833282,-0.0554588420603872
1.8321069157422483,1.892922808187767,0.31104272711166914
1.6774813585325326,1.2463235861175583,-1.2046191977608198
0.7156380577102341,0.35998994704775333,1.6564453765322016
-6.155235079777746,-6.905344399338533,0.3895781570762883
6.727440018408651,6.821305619202416,0.23958101725286196
1.7838637631762522,1.7017141488749745,-0.6904926695401726
4.520756802881399,4.765584078832505,-0.01122912674876464
8.219308419751105,8.555930923671724,-0.22418871487760922
-9.509827769380843,-9.20844196644147,0.48686954266728555
0.6044032603982704,0.2584030292812969,0.0010364660055980357
8.618523517468088,8.661238791180578,0.7930332064258091
4.209449701335504,4.337946101442049,0.4137751221127982
4.051920234044876,4.502186307950396,0.8213865387386304
-5.031085638777665,-5.81149165693571,0.561959137091331
1.1366536802876488,1.6544637030322447,-0.23702548012638042
1.8804703923942265,1.5949482834575224,0.1226572087036869
-1.7145975833859866,-1.296687312885563,1.447799967413291
9.227178390979713,9.269453781898854,1.1936133842165135
8.084196923485894,8.412263892487994,-0.8294623507312149
-0.27579398107453545,-0.18229132306927986,-1.6373083418783896
1.0155992423721227,1.999941433661196,-0.8156040973296621
-8.599284128068973,-8.319699786866217,-1.3647064266470794
8.212858401268605,8.551208587046041,-1.0885875915411618
-9.13082907289092,-9.15184436992304,-0.6192573972103164
-8.511185479141748,-8.640350609266617,-0.3501680820513876
2.614110772633376,2.3289460349876077,0.0763814921447713
-1.5639988797269353,-1.270535058641554,0.2992746462267476
1.302303696138646,1.150270477725479,-0.36397793527560524
0.2974386935947304,0.43852511714505216,-0.11438163588148376
9.021722714398917,9.30838669501976,-0.19701870907734764
9.072113359170084,9.899370696373778,-0.1362350894272629
-1.5879346490607553,-1.6450285800518887,0.7103516041817401
2.412037669066871,2.029766364578779,-0.39747684070952805
2.4806349809925288,2.699109941778346,1.359929064783789
-4.376603793392753,-4.198275984142378,-0.5417078843307823
4.343458189126349,4.665527118367763,1.380808151019823
-6.4380667684240915,-6.470064300503561,-0.8487645143491891
8.854055578671458,8.131213529502316,1.5286934203978106
5.280360145355422,5.746521572396446,-0.553197503439317
1.367823814239963,1.8113327047290682,-1.5631413119627657
8.070237034494596,8.909043595907482,0.9115966699346398
2.888247813182257,2.937632393574807,-0.3319763966934789
4.995055829831052,4.873818515835845,1.1617816964615246
7.290055614255636,7.986229731970961,0.183389760593753
9.735764769551595,9.23131112046738,-1.1428089919133368
-5.162997510144021,-5.409200016532831,-0.970047788402961
4.423256695478124,4.590557123397819,1.0177121524862178
2.7527113950939284,2.0331168315017734,1.823376017191162
1.4898529812301409,1.7253895962863615,-0.1171653060901584
-1.5805460404276142,-1.224554442701572,1.7355534562930182
3.306990391780988,3.12366145774774,0.5121564909641856
-3.1492300960793322,-3.0843334380552165,-1.0109367669121971
5.687249394539224,5.092465377965017,-1.0823967964985897
5.726856375211057,5.926271600855571,-0.7785286993607795
3.6491229488281185,3.6748037219678977,-1.3906183515830002
-9.459424805094542,-9.194928178182742,0.46169703048105853
9.131392127147649,9.386663510319165,-0.4016903425906927
-4.514569087670705,-4.7628696691496515,-0.11385723467954256
-2.912626786089154,-2.5602605108919034,-1.4684970580417436
-1.0247944088650665,-1.8068143775808614,0.2499614866892262
5.630321415551763,5.7731956966370825,-0.9237511049290865
-7.5857430626036635,-7.474480843818366,1.5408764746910841
-0.570953691958133,-0.006947409181993214,-1.8585470244027351
-4.659685792162302,-4.864863164241058,-0.4742274735087755
-2.679202017355085,-2.8509239480797546,-1.0296846021273562
0.754453602214938,0.5028172393064488,0.9676915398657204
-5.1896209516873,-5.986926833085461,1.2949495519004333
6.057459246993751,6.962145252528256,1.1992838859398747
-1.3697040242595484,-1.6630293814612718,-0.04164616538792354
-8.594648010705063,-8.142140959056897,-0.9077353069379872
6.735130375175977,6.365612341994332,0.8038689733386978
2.3628651718197724,2.5280854408340434,-0.01264074280153793
-8.770781593005683,-8.65029918143174,-1.867421031644242
-2.130340289417474,-2.737797197439101,-0.7885580958882872
-5.389249237103413,-5.550481911898903,-0.06149144487627978
9.571178441742504,9.650601941606855,-0.9545054406247586
-3.093349779977869,-3.517323202316431,-0.6961921803125
0.2553484549076418,0.23896949364071884,-0.05902038851422842
3.292662866068275,3.232574854033744,-1.1831975157057404
-8.119137473349594,-8.749701219164397,-0.00654820063171585
-9.30839874662222,-9.377568132727195,-0.8822603545521737
-7.191409656671533,-7.275944876219825,-1.3257847161016856
-8.413610519393666,-8.09428658952334,1.2028028369320654
-6.689526264192058,-6.0355734233804155,-0.37127781746691013
-1.9034951541434726,-1.1226093643489488,0.12567540938501787
-1.804669213818467,-1.4500380428005522,1.8909229354384078
-7.605880914456101,-7.373846886071424,0.023028769450816555
3.679478968530922,3.920149893195047,-1.2580149094550364
2.391722594577074,2.1635295404961754,0.6218272890167916
-8.825847743031206,-8.741804855617142,-0.37539105012485097
7.156394085481387,7.429191499528687,1.0041587553439222
8.15273570445868,8.678105352212542,-0.8725933490248181
-7.947648332461181,-7.481835145971659,1.396525411950757
-8.051792288607622,-8.115907737752185,-0.12135774405720501
3.8850911502210628,3.654471544602412,-0.935313531167931
-5.995240063155324,-5.752018250531886,1.1221897189521548
-7.789962936119153,-7.748677122831441,0.032311162662592485
-2.7327965821414115,-2.7260809485480983,-0.2623450068531702
9.83007533871713,9.958581742240176,-1.3057648932243842
-8.190946542473116,-8.120130733830948,1.1716872368280038
-6.339730223517794,-6.89170295517245,-0.1526358930727988
-7.181441678832596,-7.270290541932886,-0.3909682884148671
-1.0400336725758534,-1.935829602661081,0.006018604567020636
2.7103781355601964,2.2645131953043967,1.8848075456976414
-2.142175718164803,-2.828810161406474,-1.4025081459156208
-2.942816944320016,-2.182436490349919,-0.5460438673739023
4.8517349917494546,4.344450809472185,1.7591015106158383
4.17962529878389,4.635896543650638,1.3600223384984846
-9.716524163803104,-9.405817896435087,-0.30413001889947855
4.030915529101989,4.957813246544729,0.8063958147095667
-8.075809812596708,-8.684989167691725,1.2910145723317794
4.93509168176897,4.2910691002911285,0.15173023719241552
-3.3759099162414357,-3.2472456486630428,0.011632561969545097
-1.37198483960539,-1.6724187991423252,0.6666096537728959
-6.1560638693946705,-6.318214290105169,0.4313300089436505
4.333361080725128,4.923455913339083,1.7398566322580447
9.226336972394973,9.663759113121266,-0.6337434882381521
-2.801425626626987,-2.6297124481328003,-1.3017083454506841
4.266384807744862,4.673256952104076,1.5805717289224788
-2.3861275890232108,-2.281692977371543,-1.6642077186393358
-2.1233557941633276,-2.3994439996977013,-0.24590769060627218
6.561982965180292,6.190044294469249,0.1678415885796798
-9.863130804795647,-9.489010108240713,0.8150941202658128
8.654814694379528,8.751954844202938,1.033404792603627
8.058701645647744,8.58741701104381,-0.8338866002478866
5.432130794792176,5.0355600414783375,-0.7706845399122395
-4.126387222371058,-4.968400296495484,0.3909201985319337
-9.486448854196713,-9.444355448941984,-0.8211088516859846
-1.1562322393987716,-1.6897275315249707,-0.20231130753219373
9.928221208800538,9.83168657055703,-0.9167590713866608
-7.638401469252775,-7.5154374688609735,-0.1889383743116495
4.013776318792257,4.071541666991418,-1.3601253315163793
2.988795974145199,2.0504547719924657,1.9400637922252688
6.82256727317714,6.207177597725924,1.5508171253552407
2.1391283333152242,2.265818346602344,0.8802550907989048
1.0155795974225088,1.6442890199477742,0.35782660585956605
-6.682759288216503,-6.1717267267422145,-0.12301572682600148
-8.472006404543867,-8.971672970119034,0.0007581772857250257
8.217700517972457,8.906466051987554,-0.03850127655979246
3.2454446736779166,3.771993381068112,-1.663597383958062
6.466321351315215,6.630500097148552,1.008687283321105
-7.311376450610246,-7.475666025566539,-0.7267002913273745
0.8163588803716916,0.12212769443133353,0.5945010976377045
9.827265157888405,9.088411492487161,-0.12865428951123098
-2.9525643984086902,-2.616273003856768,-0.05302084924188377
1.373607572839114,1.5631349643268435,-1.9181754161958326
2.4010682198562807,2.3998123623329723,1.339205035633852
-6.789434703212548,-6.189205405155825,-0.4179908407061571
-3.2218355779501904,-3.136433164002202,-0.7861569008733891
9.449339853697701,9.991907489285092,-0.0801314563627209
8.768628794024734,8.025073010869459,1.3987075627881993
-8.43942926977031,-8.399911605488473,-0.18592466400442176
4.604726762006969,4.2282292070801875,0.278690069486819
8.843926216825729,8.559227398457422,0.7709917679033118
-1.0941640339610874,-1.4967558475116247,-0.4788786275649385
3.529777013957521,3.6580522670681104,-0.36298512010456896
6.527648481817639,6.391895230699343,-0.12607963882921303
2.911030306040807,2.8215032853097806,1.700333756685755
5.457300746297351,5.682657506791432,0.17834411227664249
3.4338316910977493,3.702376312974022,-1.3719479883567365
5.617717762068159,5.131330582089184,-0.15026120488793182
-4.721994207400153,-4.92723888035221,-0.5338416603244804
3.3185386182393963,3.710205421487262,-1.5433264061351013
-2.914575500276563,-2.4478714504604344,-1.7353990357790015
8.162609551217933,8.418636830620024,-0.9733670407500452
-1.5933324765707342,-1.3941388468328308,1.2828892886616785
6.645126364847524,6.302475783749257,1.0880748089892889
-3.4120914136324867,-3.1132190645917097,1.286202964193011
-4.060702875423026,-4.424044119394977,-0.22132957319519586
1.7736937122430652,1.7447365913832336,-0.8519540644533121
1.3420484508811783,1.4385111920646039,0.16862458958086213
8.872241789757085,8.408134045348497,1.012964614017941
0.4477622892810522,0.4198215452545665,0.03327799240953011
4.95534108741689,4.444836828230832,0.3462286269782947
8.289841131335201,8.885767439884662,1.103880050267653
3.4096939054660607,3.268971913628874,0.3456244887823281
-8.993785346741854,-8.935358619358164,-1.7806341842162847
-3.496606619101582,-3.263711938421337,1.295270417044506
-7.39359471821253,-7.633391432747052,-0.4343511441077366
2.6919185676983934,2.6381049417348676,0.10949651036976005
9.661410791721408,9.872014228470988,-1.4613794831013573
-0.033541655652236324,-0.9726081298364903,-0.9461628242108442
1.848716834984478,1.6998920222338474,-0.6358229353673753
-4.655972755670538,-4.65793184615509,-1.9818325578058165
5.337980730043212,5.87456911655259,-0.4569612190197946
-7.591348195668799,-7.550255055394272,0.7628411262791583
0.26912670902388314,0.06977178072418944,1.1904058693492554
0.11216901272270008,0.24253516066706737,-0.34118284061321097
9.104299807508102,9.643595341035354,1.0849594117130472
-0.697883235391546,-0.1297231377642295,-1.8805676569034384
-3.490309337046587,-3.933289744639368,0.18673182166970648
-2.840494432480826,-2.111666247213611,-0.08309455027203794
-6.586052799263393,-6.328481631486452,-0.3500260232516252
-7.434717572132706,-7.537033162846799,-0.5753388075151336
-5.153731868488457,-5.9583842033505,1.3202400756403816
0.4445235080480211,0.30756305514698856,0.7423713364974107
-6.429232101992978,-6.230345209493424,-0.3408977352236152
-8.994007428540186,-8.787180089372741,-0.9747455139507033
3.201857203319177,3.371004749959255,-0.9819450248832458
-9.13005925013138,-9.906207883711033,0.06969171045622304
-9.494154700247607,-9.766580095424269,0.7359191129844844
-2.5368893512117987,-2.5475129324555374,-0.49557215714467956
7.79873149370489,7.064070767032343,-0.9233936766492525
-3.3126617577983644,-3.4193690536146617,-0.20375991681631833
4.856698193254378,4.016460121971987,1.9012922555143357
0.6848863697073515,0.9013334385650194,1.7642379168025162
-7.0935695094456515,-7.944948308095049,-0.6850340371545168
-6.214575702681244,-6.343972507715457,0.7812279936617844
2.4084354069941942,2.027045527733677,-0.01916723040831514
8.356881710813985,8.608607435931475,0.27725993118846354
8.919464259049407,8.29510303715537,0.7065421703776373
4.819038535536502,4.490704014282252,1.8737001002907903
-6.866536376263486,-6.407276308385723,-1.9593513770745479
-0.16212856151706379,-0.6899369631967281,-0.4748394105432676
6.124437425767017,6.9459335908699025,0.47258639954988013
0.4159381698914525,0.8890621573736632,-0.0035797391141112467
-8.367457339121112,-8.098711222973554,-0.11518977119397283
8.442461166170872,8.76722391728029,-0.08813800844223468
9.29336463967319,9.859468821893273,-1.0567996575313663
5.299222487931138,5.1257704271981925,-0.503965588479835
-6.936973287430927,-6.054794474498696,0.11021840548370188
6.870327993485617,6.993047878406456,0.17095475674627092
-8.78709091661456,-8.032955431194484,0.4929890703222172
3.3112592816699364,3.5260359874528633,-1.5698779193945818
-5.669196360240553,-5.03067171941999,-0.3485719002918567
-1.7824465116459274,-1.0568086958177443,0.070455768195677
-0.5991207310781835,-0.4803612709823212,-1.9003272481712803
5.778918380262003,5.170450020682377,0.14351201590117868
-1.7240793296363623,-1.3380639738060087,1.9931421258004622
2.9433709683786464,2.9794294768646985,1.5259731312840321
0.7377502930567698,0.1294352778999347,0.051689689198433975
-6.622029398885508,-6.801626276090051,-0.1438928506322208
5.303527654857903,5.396598290120578,0.6638486961068619
-5.804030944272248,-5.134097544385253,0.3465123543882437
3.5125334256679186,3.1396528729353967,-1.3909127880050471
-2.2406091175697282,-2.348218119932243,-0.7281393985368201
-5.930223004268617,-5.666820999566259,1.4102793959950852
-3.2163657951986817,-3.4993023429964394,1.1556359979823636
7.677370262087952,7.206453964334075,-1.2083975887402825
4.372734119349927,4.926374479792074,0.8931105814468022
7.1647485823373,7.088020809084526,-0.3020797537326173
-4.9030763085015385,-4.20172186515986,-0.4419140177216486
3.7599266731393635,3.6370485188163304,-1.9761490330769829
-9.340706861260195,-9.305176368523608,0.7148019235744775
-4.10024313002265,-4.557534839717334,0.7735521677986268
8.915578944253072,8.968249589273878,0.2665630318239538
3.6113693987193116,3.5808799771392725,-0.7831792458925982
5.639374761835408,5.462502721730546,-1.7930203972347998
0.9771842406540069,0.07830981555234895,-0.05831518498853261
9.440617106799444,9.01375193579561,-0.5988989480606253
-8.53876393509305,-8.483691956568553,0.06185609635753575
2.8875759385175948,2.0416744189472285,1.2996133605916271
5.22591932291428,5.232959118535142,0.28266832766260946
-1.2506450018372284,-1.5687514245232919,1.5206179446899273
-8.444349199684922,-8.594559276252609,-1.255175892607423
8.639973005712685,8.616125116977319,-0.07649770457966665
-3.6618220392973075,-3.303953928886712,1.6882658308587244
7.228888981259726,7.556401462130191,0.8942112221480346
7.278731238331428,7.777569071655878,-1.0594643760019034
8.086686351684822,8.267680341496842,0.3340454604997377
-9.96309867315834,-9.702577883245231,1.0459763581562693
7.758812235832146,7.516827509785031,-0.1824733144849553
-0.5459236983368588,-0.44813074611124404,-0.0970332710005326
6.304851079351225,6.754024415855282,-0.35766467759085485
1.912742094696791,1.7173478531076252,-1.6625535910136757
5.519236117150388,5.494810583777061,0.2272672273526446
5.403534856172685,5.644622927677418,-1.531666119076713
2.7427768557692205,2.3354402344001963,0.10097331636436435
-7.410384848573663,-7.337861650579967,1.1550038000033305
-3.77502885589074,-3.520555348809485,0.34616788016947186
1.7387267858303872,1.9595987180933356,-1.5165114265527202
2.8105410430176345,2.259056498462784,0.08152736039152708
-3.1434024308648354,-3.648244133765224,-0.060148136405461516
-4.877223513795666,-4.1074406501893685,-0.9332708982711906
-0.5427474634993659,-0.866421734493489,-1.367485884264326
9.624021548684988,9.974514057331845,-1.2920302447596743
-4.19415172916296,-4.447402428245164,-0.050364021545014376
-8.155878317356454,-8.863807306545988,0.6566605439907074
6.600753973002084,6.348667985875476,1.2142946500278966
-4.235659021225923,-4.737632376134459,0.32006132866585135
-5.619544904613355,-5.869440201365939,1.7838057890485888
7.792252143380997,7.3126751263703405,-0.21146007608400308
-2.5661256096443212,-2.7426444364520166,-1.0519115167908584
7.627311983392542,7.948925552933074,-1.506211647069811
-9.590648833417381,-9.641240705638904,0.011960055030434735
8.938026596925289,8.38356605489062,-0.006271763699418398
7.097009383578606,7.319067672151092,0.8340632687652729
0.4115961703886768,0.12674004446375142,0.3996470775652345
1.9330392975175164,1.001045288967561,-1.9339474022129286
-2.0282451565420963,-2.32821344734841,-0.9614710964198098
-0.7310996916425265,-0.5117433840771847,0.0619081423593838
-1.3364446837494464,-1.6737311567554962,1.47794468205641
-3.4415901792496992,-3.923590601189912,-0.0006332025323421142
1.669655883209471,1.653666159176416,-1.5870514483641829
8.352691394880898,8.726575402014987,-0.5963100191538115
-7.132959541733955,-7.936207275885309,1.0757385590054718
-0.23490116081134882,-0.26627836959473716,-0.5243936161706492
-8.816763419248941,-8.407732146514883,-1.5443325187404404
-5.272992165064041,-5.275669335380879,0.764506726446029
-1.291587726863931,-1.625753440065444,0.45541505477621363
3.31960926634655,3.2053231650137635,-1.2256041735138992
7.748530269231535,7.948729477969335,-1.870631092133034
9.119938195439419,9.87037734217859,1.1614724422024252
-1.5930398748374754,-1.1463598044257752,1.5108631572870728
-0.40785328235007534,-0.43941389523298746,-1.0467219566141275
-1.445494802931596,-1.7066059646145988,0.12559180165530326
-4.355123385550702,-4.221020346079312,-0.39726287406083
-6.639281074281484,-6.067440260973479,-1.4710968640453437
-0.9224828794191612,-0.5306114240606078,-1.407950432270972
-8.648795611992869,-8.051624964086713,0.7447152310689338
6.7435313649508055,6.926601757305887,0.5917534658098377
-4.608357464592409,-4.337297306724853,-1.5439763914394624
-4.986745865606936,-4.524927925758123,-1.6061865165446354
-5.910587584538517,-5.638393859724299,1.9185895477021337
0.1325912042018471,0.27942553314627205,0.164901616223106
-3.836126457649966,-3.4579229564203002,0.4636327639507075
6.61773389886562,6.753653764112378,-0.01604124408090868
-7.396501651787671,-7.0607598085286245,-0.6962406257707334
-4.745603025284389,-4.82194870181894,-1.9747407858590766
7.637949455511604,7.268137629566749,0.47188942486353147
-3.8010133286867127,-3.001889223373621,-0.06656396417307953
1.1637037450498877,1.9171842134905206,-0.6814484412047308
2.2930936237511856,2.088551711946621,-0.6145369893438324
-6.25556511262078,-6.128552848028184,-0.3761862485408851
6.481228623731554,6.315500622615131,-0.44936357507375374
3.8261899046538126,3.351776387419357,-0.0016039213082520432
-9.923392276493434,-9.78384945861213,1.7879201136236627
-1.9570940830530266,-1.4704297084435836,1.0958437805664818
0.5018221356141899,0.8323424470633959,1.9599232851652935
6.841500561149047,6.261509716896715,0.6348325411091083
-5.767886725018421,-5.978021904553407,1.329258654160273
3.303291894769706,3.551064965724824,-0.13064801354148559
9.584894660585794,9.809025688007637,-1.5046118060277172
-1.2459180563805443,-1.7094311288607904,0.6488861776038812
1.3647877697828195,1.2110490506928195,-0.7435935957568169
4.8529447371403,4.930048179848588,-0.07512762118644167
-5.73204213650145,-5.612960725238026,1.3555970841187261
7.903915752201683,7.676284524573898,-1.2053628347798353
-4.444962060973404,-4.947828994919555,-1.0125763661602598
-4.171645470336398,-4.330272565345854,-1.031519655383196
-8.008012440958908,-8.881555212435261,1.1721273203679643
6.989365292970914,6.572610363317547,0.1662871680168606
-2.8079715480876954,-2.989431274027807,-1.7239676117464868
-3.5691382848206628,-3.578591505580383,1.9595735107341432
-6.189533422000591,-6.210763948332437,-0.5261147149348535
9.439960098465049,9.044260886274781,1.2620735215340815
7.584224498954218,7.359924632373202,-1.3440239514066241
0.6084533676190402,0.7197369335869218,1.6995272267843902
0.9222585064829428,0.6162511186932116,0.7164014418727722
1.0952301653496093,1.0599601191931338,0.8406437993237229
-5.220118955389603,-5.277374708654236,-0.43198570935400465
7.564627137674167,7.651383040690783,0.16729045988204116
-6.108826968043996,-6.2163233133047395,-0.4434887361357327
7.351270039061147,7.206212460733694,-0.8463822145263418
-3.360201082735913,-3.176395628252041,0.24779222465336478
7.702866735206351,7.4125522785158395,-1.1581637845858024
-5.788871361526849,-5.320086090752677,1.8701556268136503
-6.248412450174843,-6.183559781322564,0.9349258616590506
0.9847889361631573,0.30818723253993174,0.28766430777375324
-6.423053029025741,-6.945605850069071,0.18419308346218632
-5.27696364497563,-5.866123748565273,-0.16385158716184078
5.172740698588503,5.9220245506601765,-1.00523026057982
-2.1691066078823695,-2.7033981124828763,-0.3888119806134948
7.631631153509284,7.019794754399812,0.6291879452348251
3.415314972419251,3.8478317354470324,-1.5203549491689867
-9.690714389523787,-9.456575588610413,1.5317213472345435
-0.10548236522694432,-0.3409453577841748,-1.1378068197394904
-0.04830913918746571,-0.2630823520615171,-0.07873690621588891
2.3870534724323,2.379276157521526,-0.012061319160418749
6.7283162471832405,6.389757799000164,-0.14177804966005392
-1.6926340277488432,-1.3748676933722375,1.9015190440112706
-0.39799387706568035,-0.4648013204789385,0.041145989974698094
0.5947071316764146,0.5060484135537449,0.872714002660533
-1.695315790647078,-1.8840853045096342,1.0461094162147546
-7.420785828893976,-7.433699541327839,-0.22071429452621344
-0.390974778855657,-0.49168457677427546,-1.2529725682292865
8.543871539685915,8.083730486799768,-0.7176100379918381
